{
  "user": [
    {
      "first_name": "mani",
      "last_name": "mahesh",
      "place": "hyderabad",
      "id": 134
    },
    {
      "id": "345",
      "user_name": "raju",
      "email_id": "gmak",
      "pass_word": "6758"
    },
    {
      "id": "467",
      "first_name": "mani",
      "last_name": "mahesh",
      "place": "mahabunagar"
    },
    {
      "id": "5nhBvrH"
    },
    {
      "id": "12",
      "user_name": "manimahesh",
      "email_id": "mxn@",
      "pass_word": "nbhs"
    }
  ]
}