{
  "employee": [
    {
      "id": "123456",
      "employee_name": "sravan",
      "date_of_birth": "2003-12-07",
      "hand_phone_number": "9666141186",
      "address": "7-785/1 miryalaguda"
    },
    {
      "id": "17D41A0481",
      "employee_name": "G.Sai vineeth",
      "date_of_birth": "2000-10-06",
      "hand_phone_number": "9398456218",
      "address": "hyderabad"
    },
    {
      "id": "17D41AO494",
      "employee_name": "K.sai gopal",
      "date_of_birth": "2003-12-04",
      "hand_phone_number": "9666141186",
      "address": "H.no:7-785/1, Housing Board Colony"
    },
    {
      "id": "17D41A04B6",
      "employee_name": "K.sai chandhu",
      "date_of_birth": "2003-12-05",
      "hand_phone_number": "9867542341",
      "address": "Hyderabad Nagole"
    }
  ]
}