{
  "employee": [
    {
      "id": "1",
      "employee_name": "Kavya",
      "date_of_birth": "21-11-1990",
      "hand_phone_no": "9494949494",
      "address": "Kavya street, Bangalore"
    },
    {
      "id": "2",
      "employee_name": "Kavyasri",
      "date_of_birth": "26-11-1999",
      "hand_phone_no": "9898989898",
      "address": "Kavyasri street, Hyderabad"
    },
    {
      "id": "3",
      "employee_name": "sri",
      "date_of_birth": "2002-02-20",
      "hand_phone_no": "9876543210",
      "address": "street, street"
    },
    {
      "id": "1A",
      "employee_name": "aaa",
      "date_of_birth": "2002-12-03",
      "hand_phone_no": "7777777777",
      "address": "miryalaguda"
    }
  ]
}