{
  "employee": [
    {
      "id": 1,
      "employee_name": "navya",
      "date_of_birth": "2003-12-06",
      "qualification": "M.SC",
      "resident_phone_no": "040-1234567854",
      "address": "hyd"
    },
    {
      "id": 2,
      "employee_name": "two",
      "qualification": "b.tech",
      "date_of_birth": "2003-12-05",
      "resident_phone_no": "09999-676767",
      "address": "wgl"
    },
    {
      "id": 3,
      "employee_name": "three",
      "date_of_birth": "2003-12-01",
      "qualification": "b.com",
      "resident_phone_no": "08787-56564738",
      "address": "pak"
    },
    {
      "id": 5,
      "employee_name": "five",
      "date_of_birth": "2003-12-13",
      "qualification": "M.SC",
      "resident_phone_no": "077-1234543123",
      "address": "vizag"
    }
  ]
}