{
  "employee": [
    {
      "id": "1",
      "employee_name": "Kavya",
      "qualification": "M.C.A",
      "date_of_birth": "2003-12-03",
      "resident_phone_no": "010-12345678",
      "address": "Miryalaguda"
    },
    {
      "id": "2",
      "employee_name": "Kavyasri",
      "qualification": "M.Sc.",
      "date_of_birth": "2002-12-03",
      "resident_phone_no": "010-87654321",
      "address": "Chennai"
    },
    {
      "id": "3",
      "employee_name": "Sri",
      "qualification": "B.Ed.",
      "date_of_birth": "199-01-16",
      "resident_phone_no": "018-87654321",
      "address": "Bangalore"
    },
    {
      "id": "4",
      "employee_name": "Pasupuleti",
      "qualification": "M.Sc.",
      "date_of_birth": "2003-12-09",
      "resident_phone_no": "12323-98776654",
      "address": "Pune"
    }
  ]
}