{
  "employee": [
    {
      "id": 1,
      "employee_name": "Hema.s",
      "date_of_birth": "2001-06-09",
      "qualification": "B.tech",
      "resident_phone_number": "044-98768767",
      "address": "Hindupur"
    },
    {
      "id": 3,
      "employee_name": "Hema.s",
      "date_of_birth": "2012-03-12",
      "qualification": "M.B.A",
      "resident_phone_number": "044-98765456",
      "address": "hindupur"
    },
    {
      "id": 4,
      "employee_name": "Sreeram .h",
      "date_of_birth": "2000-06-21",
      "qualification": "M.B.A",
      "resident_phone_number": "044-78978987",
      "address": "andhrapradesh"
    }
  ]
}