{
  "user": [
    {
      "user_name": "manjd",
      "email_id": "djbdhgcjbnncbjkcjkvn@gmail.com",
      "pass_word": "dfghjfv",
      "id": 1
    },
    {
      "id": "2343bc",
      "employee_name": "manjd",
      "date_of_birth": "2021-06-22",
      "hand_phone_no": "657578383749",
      "address": ""
    },
    {
      "id": "456748",
      "employee_name": "manjd",
      "date_of_birth": "2021-08-10",
      "hand_phone_no": "678590",
      "address": "ndchgcnbnnnnnnnnnnnnnxb"
    },
    {
      "id": "1234566432",
      "employee_name": "manimahesh",
      "date_of_birth": "2021-08-04",
      "hand_phone_no": "8885323290",
      "address": "mahabubnagar hyderabad"
    },
    {
      "id": "12456",
      "employee_name": "raju",
      "date_of_birth": "2021-08-10",
      "hand_phone_no": "6759004899",
      "address": "mahabubnagar hyderabad"
    },
    {
      "id": "14536",
      "employee_name": "manimahesh",
      "date_of_birth": "2021-08-10",
      "hand_phone_no": "8.976563678909877e 24",
      "address": "ncjxhnmxzfghjkmnbvcdfgh"
    },
    {
      "id": "67890",
      "employee_name": "laddu",
      "date_of_birth": "2021-08-10",
      "hand_phone_no": "99876542345678",
      "address": "qwertyuil,mnbfdssedrtyujk,"
    }
  ]
}