{
  "employee": [
    {
      "id": "2222",
      "employee_name": "Ashika",
      "qualification": "BE",
      "date_of_birth": "2000-05-26",
      "resident_phone_number": "040-45123658",
      "address": "Mysore"
    },
    {
      "id": "3333",
      "employee_name": "Priya",
      "qualification": "BE",
      "date_of_birth": "2000-11-11",
      "resident_phone_number": "040-78541269",
      "address": "Hassan"
    },
    {
      "id": "4444",
      "employee_name": "Venishka",
      "qualification": "BE",
      "date_of_birth": "2000-06-06",
      "resident_phone_number": "040-78962354",
      "address": "Mangalore"
    }
  ]
}