{
  "employee": [
    {
      "id": "5015",
      "employee_name": "Nandini",
      "qualification": "B.E.",
      "date_of_birth": "1999-09-01",
      "resident_phone_no": "044-27631234",
      "address": "Chikkamagaluru"
    },
    {
      "id": "5017",
      "employee_name": "Nayana",
      "qualification": "B.Tech",
      "date_of_birth": "2002-09-13",
      "resident_phone_no": "000-12345678",
      "address": "JP Nagar, Banglore"
    },
    {
      "id": "5018",
      "employee_name": "Raj",
      "qualification": "B.Com",
      "date_of_birth": "2003-02-25",
      "resident_phone_no": "123-08080808",
      "address": "#20,Thindlu post, bengaluru,560064"
    },
    {
      "id": "5020",
      "employee_name": "A.Anand",
      "qualification": "MBA",
      "date_of_birth": "1992-06-17",
      "resident_phone_no": "990-16319891",
      "address": "#40,Sakleshpur,Hassan,pin-566101"
    },
    {
      "id": "Emp-5022",
      "employee_name": "Joshwa",
      "qualification": "B.Ed",
      "date_of_birth": "1975-06-04",
      "resident_phone_no": "808-98765432",
      "address": "1st main,2nd cross, Vijaynagar, Banglore, pin-56666"
    },
    {
      "id": "5021",
      "employee_name": "Geetha",
      "qualification": "B.Sc",
      "date_of_birth": "1974-06-02",
      "resident_phone_no": "000-01631989",
      "address": "Hosamane extension, vijaynagara, Chikkamagaluru, 577107"
    },
    {
      "id": "Emp-5023",
      "employee_name": "A.Naveen Kumar",
      "qualification": "MSc",
      "date_of_birth": "2000-06-01",
      "resident_phone_no": "966-83876802",
      "address": "#48, Parvatamma layout, Vidyaranyapura, Bengaluru, pin-560097"
    }
  ]
}