{
  "employee": [
    {
      "id": 1,
      "employee_name": "teju",
      "date_of_birth": "15/09/1999",
      "hand_phone_no": 9113988423,
      "address": "ramanagara"
    },
    {
      "employee_name": "Teju",
      "date_of_birth": "1999-09-15",
      "hand_phone_no": "9113988423",
      "address": "ramanagara",
      "id": 2
    },
    {
      "id": 3,
      "employee_name": "Tejashwini.S",
      "date_of_birth": "1999-01-15",
      "hand_phone_no": "9113988423",
      "address": "ramanagara"
    },
    {
      "employee_name": "ammu",
      "date_of_birth": "1987-04-12",
      "hand_phone_no": "9900870220",
      "address": "Bidare",
      "id": 6
    }
  ]
}