{
  "employee":[
    {
      "id": 1,
      "employee_name": "Aaaa",
      "date_of_birth": "3-09-1999",
      "hand_phone_no": "7634567890",
       "address":"Hyderabad"
    },
    {
      "id": 2,
      "employee_name": "Bbbb",
      "date_of_birth": "15-07-1994",
      "hand_phone_no": "9547677878",
       "address":"Banglore"
    },
    {
      "id": 3,
      "employee_name": "Cccc",
      "date_of_birth": "05-05-2000",
      "hand_phone_no": "7824731278",
       "address":"Chennai"
    }
  ]
}