{
  "employee": [
    {
      "id": "2",
      "employee_name": "Hema",
      "date_of_birth": "2003-10-12",
      "hand_phone_no": "9122345678",
      "address": "Hindupur"
    },
    {
      "id": "1",
      "employee_name": "Sreeram .h",
      "date_of_birth": "2012-03-12",
      "hand_phone_no": "9122345678",
      "address": "andhrapradesh"
    },
    {
      "id": "3",
      "employee_name": "s.hema",
      "date_of_birth": "2012-03-12",
      "hand_phone_no": "8122345678",
      "address": "Hindupur"
    }
  ]
}