{
  "employee": [
    {
      "id": "5015",
      "employee_name": "Nandini",
      "date_of_birth": "1999-09-01",
      "hand_phone_no": "9663876802",
      "address": "Chikkamagaluru"
    },
    {
      "id": "5016",
      "employee_name": "Jessiee",
      "date_of_birth": "2021-06-07",
      "hand_phone_no": "8147829506",
      "address": "Bengaluru"
    },
    {
      "id": "5017",
      "employee_name": "Nayana",
      "date_of_birth": "2002-09-13",
      "hand_phone_no": "9901631989",
      "address": "JP Nagar, Banglore"
    },
    {
      "id": "5018",
      "employee_name": "Raj",
      "date_of_birth": "2003-02-25",
      "hand_phone_no": "7892404580",
      "address": "#20,Thindlu post, bengaluru,560064"
    },
    {
      "id": "5020",
      "employee_name": "A.Anand",
      "date_of_birth": "1992-06-17",
      "hand_phone_no": "9010605080",
      "address": "#40,Sakleshpur,Hassan,pin-566101"
    },
    {
      "id": "Emp-5022",
      "employee_name": "Joshwa",
      "date_of_birth": "1975-06-04",
      "hand_phone_no": "8147829506",
      "address": "1st main,2nd cross, Vijaynagar, Banglor, pin-56666"
    },
    {
      "id": "5021",
      "employee_name": "Geetha",
      "date_of_birth": "1974-06-02",
      "hand_phone_no": "9663568375",
      "address": "Hosamane extension, vijaynagara, Chikkamagaluru, 577107"
    }
  ]
}