{
  "employee": [
    {
      "id": "1",
      "employee_name": "Kartik",
      "date_of_birth": "29-10-1999",
      "hand_phone_no": "987654321",
      "address": "Haryana,India"
    },
    {
      "id": "2",
      "employee_name": "Harsh",
      "date_of_birth": "21-07-2000",
      "hand_phone_no": "987654321",
      "address": "Mumbai,India"
    },
    {
      "id": "3",
      "employee_name": "Rahul",
      "date_of_birth": "16-03-1988",
      "hand_phone_no": "987654321",
      "address": "Pune,India"
    },
    {
      "id": "4",
      "employee_name": "Rajat",
      "date_of_birth": "21-07-2000",
      "hand_phone_no": "987654321",
      "address": "Bangalore,India"
    },
    {
      "id": 6,
      "employee_name": "six",
      "email_id": "six@gmail.com",
      "pass_word": "abcd"
    },
    {
      "id": 7,
      "employee_name": "seven",
      "date_of_birth": "2000-03-03",
      "hand_phone_no": 70821,
      "address": "arainpura"
    },
    {
      "id": 8,
      "employee_name": "rana",
      "date_of_birth": "2000-03-03",
      "hand_phone_no": 70821877,
      "address": "arainpura"
    },
    {
      "id": 10,
      "employee_name": "test",
      "date_of_birth": "2200-03-03",
      "hand_phone_no": 7082187177,
      "address": "arainpura"
    }
  ]
}