{
  "employee": [
    {
      "address": "hyd",
      "user_name": "seetha",
      "date_of_birth": "13-09-1998",
      "hand_phone_no": 9900990000,
      "id": 1
    },
    {
      "id": 2,
      "user_name": "yuva",
      "hand_phone_no": "8985393544",
      "address": "123465787ygdwdfh",
      "date_of_birth": "2003-12-04"
    },
    {
      "id": 3,
      "user_name": "yuvasri",
      "hand_phone_no": "9876545432",
      "address": "123456rytyuioplmhf",
      "date_of_birth": "2003-10-09"
    }
  ]
}