{
  "employee": [
    {
      "id": "5001",
      "employee_name": "Divi",
      "date_of_birth": "1990-05-01",
      "hand_phone_number": "9087642314",
      "address": "Chennai"
    },
    {
      "id": "5002",
      "employee_name": "bhagya",
      "date_of_birth": "1988-02-11",
      "hand_phone_number": "9092331456",
      "address": "kadapa"
    },
    {
      "id": "20Prodapt13",
      "employee_name": "priya",
      "date_of_birth": "2000-01-24",
      "hand_phone_number": "8147567542",
      "address": "#61,7th main, Tavarekere"
    },
    {
      "id": "21Prodapt15",
      "employee_name": "suhas",
      "date_of_birth": "1999-05-05",
      "hand_phone_number": "8796540321",
      "address": "Tamil nadu"
    },
    {
      "id": "1003",
      "employee_name": "divya",
      "date_of_birth": "1998-02-12",
      "hand_phone_number": "7619433213",
      "address": "bangalore"
    }
  ]
}