{
  "employee": [
    {
      "id": "1",
      "employee_name": "Ravi",
      "qualification": "B.Tech",
      "date_of_birth": "2000-08-03",
      "resident_phone_no": "01235-10234565",
      "address": "Kukatpally"
    },
    {
      "id": "2",
      "employee_name": "two",
      "qualification": "M.Tech",
      "date_of_birth": "2003-08-14",
      "resident_phone_no": "0123-12345678",
      "address": "Jammikunta"
    },
    {
      "id": "3",
      "employee_name": "Varma",
      "qualification": "frontend",
      "date_of_birth": "2000-08-16",
      "resident_phone_no": "0123-14785236",
      "address": "Chennai"
    },
    {
      "id": "4",
      "employee_name": "Four",
      "qualification": "M.Tech",
      "date_of_birth": "2003-08-07",
      "resident_phone_no": "0123-14785236",
      "address": "Karimnagar"
    }
  ]
}