{
  "employee": [
    {
      "id": 1,
      "employee_name": "seetha",
      "date_of_birth": "2003-12-19",
      "qualification": "b.tech",
      "resident_phone_no": "1234567890",
      "address": "123456qwerty"
    },
    {
      "id": 2,
      "employee_name": "Yuva",
      "date_of_birth": "2000-03-30",
      "qualification": "B.tech",
      "resident_phone_no": "8985393544",
      "address": "14-1,21 fit area yellandhu"
    },
    {
      "id": 3,
      "employee_name": "Suma",
      "date_of_birth": "1999-06-17",
      "qualification": "Degree",
      "resident_phone_no": "1234567890321",
      "address": "21-09-987654 bdc wrgl"
    }
  ]
}