{
  "employee": [
    {
      "id": 1,
      "employee_name": "Santanu",
      "date_of_birth": "29.01.2000",
      "hand_phone_no": 8987204858,
      "address": "kishanganj,Bihar"
    },
    {
      "id": 2,
      "employee_name": "Alibha",
      "date_of_birth": "08.04.2001",
      "hand_phone_no": 8987204959,
      "address": "kishanganj,Bihar"
    },
    {
      "id": 3,
      "employee_name": "Samrat",
      "date_of_birth": "2021-08-18",
      "hand_phone_no": 1234567890,
      "address": "Kolkata"
    },
    {
      "id": 4,
      "employee_name": "Bhavna",
      "date_of_birth": "1958-01-21",
      "hand_phone_no": 8764233452,
      "address": "Bangalore"
    },
    {
      "id": 5,
      "employee_name": "Ayan",
      "date_of_birth": "2002-02-14",
      "hand_phone_no": 8987204858,
      "address": "Siliguri"
    }
  ]
}