{
  "employee": [
    {
      "id": "1",
      "employee_name": "Srujay",
      "date_of_birth": "1947-20-08",
      "hand_phone_no": "9165411253",
      "address": "H.NO:1-21, Siidipet, Telangana"
    },
    {
      "id": "2",
      "employee_name": "Ganesh",
      "date_of_birth": "1999-20-08",
      "hand_phone_no": "9876543210",
      "address": "H.NO:1-22, miryalaguda, Telangana"
    },
    {
      "id": "3",
      "employee_name": "Pavan",
      "date_of_birth": "2003-08-17",
      "hand_phone_no": "9345686426",
      "address": "Hyderabad"
    }
  ]
}