{
  "employee": [
    {
      "id": 1003,
      "employee_name": "divya",
      "date_of_birth": "2000-05-12",
      "qualification": "b.sc",
      "resident_phone_no": "09989-56788",
      "address": "btm"
    },
    {
      "id": 10005,
      "employee_name": "mno",
      "qualification": "b.com",
      "date_of_birth": "2000-07-12",
      "resident_phone_no": "09567-467888",
      "address": "bangok"
    },
    {
      "id": 2067,
      "employee_name": "abc",
      "qualification": "b.sc",
      "date_of_birth": "2000-02-02",
      "resident_phone_no": "678978-09987",
      "address": "delhi"
    }
  ]
}