{
  "employee": [
    {
      "id": "1",
      "employee_name": "Santanu",
      "qualification": "B.Tech",
      "date_of_birth": "2000-01-29",
      "resident_phone_no": "04144-89872048",
      "address": "Kishanganj,Bihar"
    },
    {
      "id": "2",
      "employee_name": "Alibha",
      "qualification": "B.Sc",
      "date_of_birth": "2001-04-08",
      "resident_phone_no": "04144-87652345",
      "address": "Kishanganj,Bihar"
    },
    {
      "id": "3",
      "employee_name": "Samrat",
      "qualification": "B.Tech",
      "date_of_birth": "2000-06-14",
      "resident_phone_no": "06456-89872545",
      "address": "Kishanganj"
    }
  ]
}