{
  "employee": [
    {
      "id": 1,
      "employee_name": "Aaaa",
      "date_of_birth": "04-05-2000",
      "qualification": "B.Tech",
      "resident_phone_number": "01213221",
      "address": "Hyderabad"
    },
    {
      "id": 2,
      "employee_name": "Bbbb",
      "date_of_birth": "09-12-1999",
      "qualification": "M.C.A",
      "resident_phone_number": "01980908",
      "address": "Banglore"
    },
    {
      "id": 3,
      "employee_name": "Cccc",
      "date_of_birth": "08-04-2001",
      "qualification": "Mtech",
      "resident_phone_number": "0821278",
      "address": "Chennai"
    }
  ]
}